log_likelihood,perplexity,total_edges
-2271323.8956196937,5.7144367813764605,1303115
